user_id,age_below25,age_25to40,age_above40,treatment,past_rev,revenue
1,0,1,0,0,9.3268003,8.7013378
2,0,0,1,0,9.8321028,8.9525261
3,1,0,0,1,10.82672,13.562074
4,0,1,0,0,10.32761,8.1438665
5,0,0,1,0,9.582078,10.420373
6,0,1,0,0,7.6477432,8.7240868
7,0,1,0,0,9.5721064,8.8229713
8,0,1,0,0,10.712815,10.657645
9,0,1,0,0,8.3958969,8.4319944
10,0,0,1,0,9.2287817,8.7301579
11,1,0,0,0,10.17015,11.462463
12,0,0,1,0,10.080106,8.654644
13,1,0,0,1,10.323334,11.660411
14,0,1,0,0,9.245038,9.0952387
15,0,1,0,0,9.4687853,8.770402
16,1,0,0,0,9.570859,9.5584965
17,1,0,0,1,10.892845,12.756431
18,0,0,1,1,7.3447933,8.1895132
19,0,1,0,0,8.5819521,6.798296
20,0,1,0,1,7.803853,9.4409018
21,0,1,0,0,9.4874382,8.3373899
22,0,0,1,0,7.5246115,6.1910033
23,0,0,1,0,9.4749784,9.2333317
24,1,0,0,1,10.284966,11.709002
25,0,0,1,0,8.5258417,7.1652765
26,1,0,0,1,9.1410713,11.209272
27,0,0,1,1,9.0045919,10.421179
28,0,1,0,0,8.754467,6.68502
29,0,1,0,0,8.6212959,7.769989
30,1,0,0,1,11.655606,12.367002
31,0,0,1,0,10.963199,10.072053
32,0,1,0,1,10.121344,13.05928
33,0,1,0,0,9.6365805,10.061259
34,0,1,0,0,10.019934,8.8287868
35,0,1,0,1,8.9071665,8.3097458
36,0,0,1,0,9.2975636,9.7854853
37,0,0,1,0,9.7349815,9.7007475
38,0,0,1,0,8.7033434,9.6650524
39,1,0,0,0,9.0470419,8.773118
40,1,0,0,0,9.6853781,7.580904
41,0,1,0,0,8.3580742,9.9263268
42,0,1,0,0,10.44032,9.98493
43,1,0,0,1,10.470434,10.337138
44,1,0,0,1,8.3910379,10.700024
45,0,1,0,0,9.2769108,11.008273
46,1,0,0,1,8.0114002,9.7622433
47,0,0,1,0,7.9841661,8.2295265
48,0,1,0,0,10.684462,8.9533386
49,0,1,0,0,9.2989073,7.5109401
50,1,0,0,1,8.8719349,9.6172647
51,0,1,0,0,10.11111,10.393242
52,1,0,0,1,10.089047,11.649528
53,1,0,0,1,9.8917084,9.0659561
54,0,0,1,0,9.691905,6.7624092
55,0,0,1,0,7.0792661,6.497601
56,1,0,0,1,8.6633444,8.3438406
57,0,1,0,0,8.8980045,6.6830568
58,1,0,0,1,9.5219879,10.702969
59,1,0,0,0,9.789608,10.692322
60,0,1,0,0,8.9342566,8.3374128
61,0,1,0,0,8.9806957,10.255027
62,0,1,0,1,8.1436615,8.3702393
63,1,0,0,1,9.1717196,8.8308792
64,0,1,0,0,8.1790352,9.2240458
65,0,1,0,0,9.9314442,10.088265
66,0,1,0,0,8.834034,6.7632241
67,1,0,0,1,10.902405,11.403849
68,1,0,0,1,10.274193,10.284042
69,1,0,0,1,10.035763,11.102904
70,0,0,1,0,8.5540495,8.8965483
71,0,0,1,0,10.738853,11.707674
72,0,1,0,0,6.6415434,6.512599
73,1,0,0,1,8.9759884,13.259787
74,1,0,0,0,11.019022,11.302905
75,0,0,1,1,6.9196215,8.03545
76,0,1,0,0,9.58356,9.6946726
77,1,0,0,0,9.6030378,9.2456074
78,1,0,0,1,11.348868,14.480413
79,0,0,1,0,10.300686,11.299635
80,0,0,1,1,9.2258596,10.7559
81,1,0,0,1,10.497068,10.549455
82,0,0,1,0,9.392808,7.8826718
83,0,0,1,0,8.8381815,7.9206138
84,1,0,0,1,11.081098,11.115644
85,0,1,0,1,8.4336843,8.7073479
86,0,0,1,0,10.24413,10.75703
87,0,1,0,1,8.5197611,10.733546
88,0,0,1,0,9.3109331,9.3491507
89,1,0,0,1,10.410425,11.378325
90,0,1,0,1,9.4304152,9.2290583
91,0,1,0,0,8.1680403,8.889451
92,0,0,1,0,6.2423239,7.2378616
93,1,0,0,1,9.5802708,10.627624
94,0,1,0,0,9.2301579,6.9202061
95,0,0,1,0,10.396359,9.3887901
96,0,0,1,0,8.6860418,8.721899
97,0,1,0,1,9.1751337,7.3143296
98,0,0,1,0,7.8911705,7.3272219
99,0,0,1,0,8.4855909,8.0355453
100,0,1,0,1,7.2310019,8.8773775
101,1,0,0,1,9.4192934,8.8028822
102,0,0,1,0,8.5701494,7.822897
103,0,0,1,0,10.280594,8.2723646
104,0,1,0,0,10.100074,9.7349939
105,0,0,1,0,8.4509802,7.5564804
106,1,0,0,1,10.334899,11.266845
107,0,0,1,0,10.764718,11.422285
108,0,1,0,0,9.8395729,10.553911
109,1,0,0,1,7.358459,7.0449586
110,0,1,0,1,8.1804695,8.8366947
111,0,0,1,0,8.6302443,8.9746027
112,0,0,1,1,7.9846721,9.9568024
113,0,1,0,1,9.9936924,11.249912
114,1,0,0,1,9.2747488,10.026238
115,1,0,0,1,9.2181263,10.938732
116,1,0,0,1,9.4561825,9.4330063
117,0,0,1,0,9.7621384,10.145937
118,1,0,0,1,8.5418329,8.7207308
119,0,1,0,0,9.235898,8.8720894
120,0,1,0,1,8.3494825,7.7114382
121,1,0,0,1,9.0290756,10.134519
122,0,1,0,1,8.7662373,7.2724328
123,0,1,0,0,8.9936981,8.1750813
124,0,1,0,0,9.1998749,8.0542831
125,0,0,1,0,9.5198908,9.963913
126,1,0,0,0,10.899879,10.879421
127,0,1,0,0,7.701931,8.1752014
128,1,0,0,1,10.162393,10.340187
129,0,0,1,0,10.147962,11.216885
130,0,1,0,0,9.8749809,7.5498424
131,1,0,0,0,9.4518127,8.3546047
132,0,0,1,0,12.120464,11.563392
133,0,0,1,0,10.142794,9.500186
134,0,1,0,0,8.9033031,8.3516798
135,0,0,1,0,8.8784046,7.4783034
136,0,0,1,0,10.607019,11.938624
137,0,1,0,0,9.7353458,8.3718395
138,1,0,0,1,8.89258,12.37329
139,0,1,0,0,8.2971516,7.2530704
140,0,1,0,0,9.3607626,9.4567471
141,0,0,1,0,9.7470789,7.7658367
142,0,1,0,0,8.8097887,8.5581226
143,1,0,0,1,11.979529,14.274546
144,1,0,0,0,11.681818,12.528501
145,0,0,1,0,8.0188885,7.5475693
146,1,0,0,1,8.8771811,9.9082985
147,0,0,1,0,9.4747992,9.7229767
148,1,0,0,1,9.3403654,9.5190964
149,0,1,0,0,8.9533596,7.8674998
150,0,0,1,0,9.3251657,9.8895941
151,0,1,0,0,9.8356838,10.079583
152,0,1,0,1,7.931953,10.891384
153,1,0,0,0,9.1332941,10.358871
154,1,0,0,1,10.529116,12.136209
155,1,0,0,1,10.670127,12.937955
156,1,0,0,1,10.908654,10.793096
157,0,1,0,0,9.6623526,9.1082392
158,1,0,0,1,10.897461,11.666776
159,1,0,0,1,9.9913816,9.8080425
160,1,0,0,0,9.2067289,8.9979448
161,0,1,0,0,9.6770296,9.0438786
162,1,0,0,1,9.5030317,11.411542
163,0,0,1,1,8.9340467,9.3762064
164,0,1,0,0,8.3157768,9.0487232
165,0,0,1,0,8.4372253,8.2843809
166,0,0,1,0,9.9403524,11.224506
167,0,0,1,0,8.7390385,7.8104982
168,0,1,0,0,8.4430065,7.7109594
169,0,0,1,0,8.6914587,8.5852423
170,0,1,0,0,8.9476671,7.3122039
171,0,0,1,0,9.4517117,9.3872728
172,0,1,0,0,7.8690181,6.569262
173,0,0,1,0,9.950984,9.3902092
174,1,0,0,1,10.713985,10.029118
175,1,0,0,1,9.832036,11.602468
176,0,1,0,0,9.0100975,9.3422337
177,1,0,0,1,10.47139,12.099075
178,0,1,0,0,8.3711987,4.8694668
179,1,0,0,0,9.0788975,7.5089025
180,0,0,1,0,9.9077291,8.3103886
181,0,1,0,0,9.0400286,8.7393389
182,0,1,0,0,9.047452,8.3741083
183,0,0,1,0,9.7424603,10.722898
184,0,1,0,0,9.3836718,7.0251131
185,0,1,0,0,9.8601303,8.7173767
186,0,0,1,0,10.707849,10.745256
187,1,0,0,1,7.9002128,9.9008751
188,0,0,1,0,8.4994946,7.4403405
189,0,0,1,0,9.9892912,9.4181652
190,0,0,1,0,10.084739,9.1845865
191,1,0,0,0,11.555319,12.028841
192,0,0,1,0,8.6021643,8.0510798
193,0,1,0,0,8.5845308,9.1700506
194,0,0,1,0,9.3084879,10.896627
195,0,0,1,0,10.82034,9.5597286
196,0,0,1,0,9.0592289,7.0789976
197,0,0,1,0,8.6540852,7.0653338
198,0,1,0,1,7.4963164,8.5567417
199,0,1,0,0,10.521749,10.247957
200,0,1,0,0,10.300102,9.0891352
201,1,0,0,0,10.267056,10.370158
202,1,0,0,1,10.336532,10.220679
203,0,1,0,0,9.3865376,8.1919231
204,0,1,0,0,9.950942,9.775218
205,0,1,0,1,8.4613791,10.492576
206,0,1,0,0,7.1584415,7.8228288
207,0,1,0,0,9.9936438,10.169148
208,0,0,1,0,8.9877234,8.0130444
209,0,0,1,0,9.141283,9.8847885
210,0,0,1,0,6.0887876,5.0830188
211,0,0,1,0,9.3298616,7.1771235
212,1,0,0,1,13.181015,14.286016
213,0,1,0,0,10.535018,8.8418427
214,1,0,0,1,10.29882,12.555217
215,1,0,0,1,11.190387,10.64756
216,1,0,0,1,11.141508,10.611778
217,0,1,0,0,10.576394,8.9898691
218,1,0,0,1,11.023746,12.946281
219,0,0,1,1,9.0840855,10.739066
220,0,1,0,0,9.2718954,7.5388479
221,0,0,1,0,11.266933,12.029341
222,1,0,0,0,8.6804152,6.2460709
223,1,0,0,0,10.13512,10.24589
224,0,1,0,0,8.1151714,9.709218
225,0,0,1,0,9.5558443,9.3055315
226,1,0,0,1,10.223479,10.415052
227,0,0,1,0,9.8330603,10.450136
228,0,0,1,1,9.1878767,9.1523533
229,0,1,0,0,9.2199373,9.3832474
230,1,0,0,0,9.3463459,9.4957581
231,0,0,1,0,9.5637589,9.976758
232,0,0,1,0,10.045599,8.5484247
233,1,0,0,1,10.353841,11.329344
234,0,1,0,1,7.5592642,8.1679792
235,0,1,0,1,6.2973409,8.4607487
236,0,1,0,0,9.5024385,8.7308226
237,1,0,0,0,9.3224506,9.5631657
238,0,1,0,0,8.5352926,7.4700518
239,1,0,0,0,8.8255558,7.0948768
240,0,1,0,1,9.1388645,10.251349
241,0,1,0,0,9.3125019,7.9248638
242,0,0,1,0,9.4704647,8.7003841
243,0,1,0,1,8.0043497,9.4592257
244,1,0,0,0,10.16498,10.578205
245,0,1,0,1,9.0264368,9.2087116
246,1,0,0,1,11.18512,12.051045
247,1,0,0,1,9.1381903,10.003524
248,0,1,0,1,8.5847254,10.227359
249,1,0,0,1,10.178472,10.331344
250,1,0,0,1,9.5220137,10.854952
251,0,1,0,0,10.832916,10.176411
252,0,1,0,0,9.7907419,10.067842
253,0,0,1,0,9.4489889,9.8527651
254,0,0,1,0,8.5672235,7.1547146
255,0,1,0,1,9.976923,9.4846144
256,1,0,0,1,9.1438761,12.28866
257,1,0,0,1,10.68199,12.144105
258,0,1,0,0,6.9526596,7.1341982
259,0,1,0,1,8.8569469,9.609581
260,1,0,0,1,11.175927,13.893015
261,0,0,1,0,10.898572,10.039564
262,0,0,1,0,8.9624691,9.4068594
263,1,0,0,1,9.5975647,9.4963837
264,0,0,1,0,9.7081203,9.6342134
265,0,1,0,0,8.9254532,8.2792234
266,0,1,0,0,9.6386929,10.049788
267,1,0,0,1,8.1225977,7.8330054
268,0,1,0,0,9.9244413,10.851336
269,0,1,0,0,9.1657133,7.8648696
270,0,0,1,1,10.21815,13.039362
271,1,0,0,1,8.3810844,8.7359333
272,0,0,1,0,9.4518995,7.6583619
273,0,0,1,0,10.748116,9.9731741
274,1,0,0,1,9.288516,10.480985
275,1,0,0,0,9.7724752,11.419353
276,0,1,0,0,8.3390741,8.7641544
277,0,0,1,0,10.2333,10.068316
278,0,0,1,0,9.9212503,10.016333
279,0,1,0,0,8.7236137,8.048872
280,0,0,1,0,9.8276711,7.7081456
281,0,1,0,0,8.2621193,7.6585569
282,0,0,1,0,10.426697,9.44419
283,0,1,0,0,7.6358323,5.7207384
284,0,0,1,0,10.182376,10.997779
285,0,1,0,0,9.5864906,10.548851
286,0,1,0,0,8.9206266,10.303661
287,1,0,0,1,8.1927328,9.3960552
288,0,0,1,0,10.329,8.1433802
289,0,0,1,0,7.4345765,5.9678268
290,0,0,1,0,8.9348536,8.3082476
291,1,0,0,0,10.641524,10.872087
292,0,1,0,0,6.4067297,4.7785516
293,1,0,0,0,9.546217,9.4364977
294,0,1,0,0,9.8080759,9.3809729
295,1,0,0,0,10.539321,10.037366
296,1,0,0,1,9.3064804,10.849829
297,1,0,0,1,9.0438013,9.9543629
298,0,1,0,1,10.3735,9.9058828
299,0,1,0,0,7.7818346,7.0111294
300,0,0,1,0,8.7899237,7.9603209
301,0,1,0,0,9.77705,8.1311436
302,0,0,1,0,9.8337393,8.9069481
303,0,1,0,0,9.0090008,9.447155
304,1,0,0,1,9.4336767,12.747304
305,0,0,1,0,8.2456503,7.9104743
306,1,0,0,1,9.8283367,11.278864
307,1,0,0,1,8.6388073,10.686852
308,1,0,0,1,9.0529175,9.574811
309,1,0,0,1,9.5657473,10.199597
310,1,0,0,1,9.4479065,9.2055387
311,1,0,0,1,9.3772612,11.727637
312,0,1,0,0,9.0805187,8.1191244
313,0,1,0,0,9.595891,11.256395
314,0,0,1,0,8.5102177,9.0932741
315,0,0,1,0,9.6446123,6.6534014
316,0,1,0,0,9.6749344,8.900198
317,1,0,0,0,8.97651,10.975125
318,1,0,0,0,11.020337,11.177559
319,0,1,0,1,11.152419,11.898354
320,0,0,1,0,9.6522121,9.5330048
321,0,1,0,0,8.1828232,8.8207855
322,0,0,1,0,9.6680145,10.536434
323,1,0,0,1,7.9644785,8.4347658
324,0,0,1,0,9.2243729,7.6631289
325,0,1,0,0,8.2639151,8.6041756
326,1,0,0,1,10.672394,10.81145
327,0,1,0,1,9.9461956,10.609008
328,0,0,1,0,10.04212,7.9246297
329,1,0,0,0,8.9030695,7.5760322
330,1,0,0,1,10.032966,11.189493
331,0,0,1,0,10.319911,10.3558
332,0,1,0,0,9.1996441,8.1579609
333,1,0,0,1,11.099042,12.476276
334,0,1,0,0,9.0447817,8.7247391
335,0,1,0,0,8.8854628,8.142312
336,1,0,0,1,8.3941507,9.6677742
337,1,0,0,1,10.227967,9.8640327
338,0,1,0,0,9.3706837,6.1832128
339,1,0,0,1,10.040275,13.687746
340,0,0,1,0,7.6917672,7.6666665
341,1,0,0,0,10.72668,11.453243
342,1,0,0,1,8.9723558,10.249033
343,1,0,0,0,10.888965,10.273902
344,1,0,0,1,9.5907278,11.890452
345,1,0,0,0,10.604769,12.016407
346,0,1,0,0,7.4892197,6.9530907
347,0,0,1,0,9.0609818,8.6207466
348,0,1,0,0,8.4392481,10.065089
349,0,1,0,0,7.8186545,8.6094189
350,1,0,0,1,8.8607779,10.821608
351,0,0,1,0,8.444272,6.0372882
352,0,1,0,0,9.6174984,10.195656
353,0,1,0,0,8.5441294,7.0289259
354,0,0,1,1,9.8611622,13.208572
355,0,1,0,0,11.08847,10.949305
356,0,0,1,0,10.958307,11.369943
357,0,1,0,1,7.4529405,7.835753
358,1,0,0,1,8.8636084,10.667266
359,0,0,1,0,10.793071,10.499576
360,0,1,0,0,9.4196901,10.331525
361,1,0,0,1,11.684643,12.101679
362,0,1,0,0,10.680915,11.207967
363,0,0,1,0,9.8220654,8.4395924
364,1,0,0,1,9.2664652,9.946867
365,0,1,0,0,10.220054,8.9378471
366,0,0,1,0,9.1405869,8.4190445
367,1,0,0,1,9.7434416,10.199899
368,1,0,0,1,10.007603,10.083394
369,1,0,0,0,9.0687237,7.3574471
370,0,1,0,0,8.2936287,8.0314684
371,0,0,1,0,6.6704254,6.1444244
372,0,1,0,0,8.3876915,8.1502008
373,0,0,1,0,10.374138,11.138186
374,0,0,1,0,9.7196245,8.251771
375,0,0,1,0,8.2743864,9.1057625
376,0,1,0,1,8.7330465,9.0817766
377,1,0,0,0,8.9071112,8.4631901
378,0,1,0,0,9.5793686,8.7379913
379,0,1,0,0,8.3903141,9.2344904
380,0,1,0,0,8.7274809,8.1576433
381,1,0,0,0,10.296217,12.015721
382,0,0,1,1,9.8679352,11.771384
383,0,0,1,0,8.5173073,7.1922736
384,0,0,1,0,7.7587557,6.1854138
385,1,0,0,1,10.844642,11.495909
386,0,0,1,0,9.0960484,10.779867
387,0,0,1,0,9.3092785,7.5097008
388,0,1,0,0,9.2531881,7.6552944
389,0,0,1,1,10.747747,11.141259
390,0,1,0,0,9.5608845,10.524455
391,0,0,1,0,10.340466,8.8210945
392,1,0,0,0,8.9413099,10.357689
393,1,0,0,1,9.3999233,9.1850319
394,0,1,0,1,7.3040919,6.6513381
395,0,0,1,0,7.1305919,8.7471247
396,0,1,0,0,8.6057749,9.3269482
397,1,0,0,1,11.793095,10.388454
398,1,0,0,0,8.8894262,8.4371424
399,0,0,1,1,8.9225597,11.519463
400,0,0,1,0,9.0683298,9.2217312
401,1,0,0,1,7.1122971,7.8770881
402,0,1,0,0,8.1816893,5.9466734
403,0,0,1,0,9.8626318,10.339946
404,0,1,0,0,7.4791317,4.9951997
405,0,1,0,0,8.0985937,9.7119961
406,0,0,1,0,8.5762119,7.9843607
407,0,0,1,0,9.1269732,9.0694666
408,1,0,0,1,10.068606,10.787294
409,1,0,0,1,9.364687,10.280702
410,0,0,1,1,9.4701614,12.069172
411,0,1,0,1,10.262359,13.075545
412,0,0,1,1,9.7957172,11.29815
413,0,0,1,0,9.3755064,10.549047
414,0,1,0,1,6.8553009,8.1987753
415,0,0,1,0,9.0292253,10.023342
416,1,0,0,1,9.8251371,12.131469
417,0,1,0,1,7.8970599,8.1228628
418,0,0,1,1,11.114562,12.739866
419,0,0,1,0,9.9390211,9.621006
420,0,1,0,1,7.1449394,8.2882204
421,0,1,0,0,7.1319766,6.9275074
422,1,0,0,1,8.758172,9.6047134
423,1,0,0,1,9.041152,9.205863
424,0,0,1,0,9.1062307,10.168447
425,0,1,0,0,9.9780092,7.9093795
426,1,0,0,1,8.799037,9.6969395
427,0,1,0,0,8.3141985,7.9481559
428,0,0,1,0,9.4936924,9.5051289
429,0,1,0,0,7.293231,6.069344
430,0,1,0,1,8.8157635,9.6337605
431,0,1,0,0,8.8482218,7.1391249
432,0,0,1,0,10.030149,9.7346239
433,0,0,1,0,7.2741122,5.9300694
434,1,0,0,1,11.26009,13.094766
435,1,0,0,1,9.0644016,9.5561199
436,1,0,0,1,10.53093,11.284957
437,0,1,0,0,8.7040558,8.6047173
438,0,1,0,0,8.7894669,8.5628767
439,1,0,0,1,8.4209385,9.8801651
440,1,0,0,0,9.5767279,10.232583
441,0,1,0,1,8.5804005,9.6952982
442,1,0,0,0,9.3425274,9.6625986
443,1,0,0,1,10.156162,12.039927
444,1,0,0,0,11.639378,11.322007
445,1,0,0,0,9.4336529,8.6125174
446,1,0,0,0,9.0131912,8.6638422
447,0,0,1,1,9.5876989,11.228411
448,1,0,0,1,10.740305,12.603628
449,0,0,1,0,8.4116268,7.9178939
450,0,0,1,0,8.444499,7.568048
451,0,0,1,0,8.3100195,6.8885059
452,0,0,1,0,8.6914825,9.2356443
453,0,0,1,0,9.9434214,9.8675451
454,1,0,0,1,8.3868971,8.961894
455,1,0,0,0,10.374668,10.334846
456,1,0,0,1,10.668781,12.145514
457,0,0,1,0,8.0747442,7.3757482
458,0,1,0,1,7.7194457,8.9334011
459,0,1,0,1,9.9126654,10.50051
460,0,0,1,0,8.928895,8.5856876
461,0,1,0,0,9.0542307,8.849659
462,0,0,1,0,9.7973337,7.9110947
463,0,1,0,0,9.353858,9.7237339
464,0,0,1,0,10.495118,10.432554
465,1,0,0,1,10.713225,11.646962
466,0,0,1,0,7.9983144,9.4856949
467,0,1,0,0,10.109059,9.4957256
468,1,0,0,1,8.4320993,9.6507111
469,0,0,1,0,9.6540804,9.2232475
470,0,0,1,0,10.035981,9.1077032
471,1,0,0,1,9.6978054,9.3052521
472,0,1,0,0,10.188563,8.5053186
473,0,0,1,0,8.9684162,8.5161915
474,1,0,0,0,11.769106,10.473648
475,0,0,1,0,8.6681948,7.7298112
476,1,0,0,0,10.015038,8.6432133
477,0,1,0,0,10.233895,9.8137436
478,0,1,0,0,9.3321066,8.6115036
479,0,0,1,0,8.5950899,8.3517284
480,0,0,1,0,9.8897324,8.58284
481,0,1,0,0,10.567925,10.029526
482,0,0,1,0,9.0013952,7.5146523
483,1,0,0,1,10.602821,9.8191853
484,0,0,1,0,9.7919264,9.8813066
485,0,0,1,0,9.9406071,6.4322019
486,1,0,0,1,10.041498,12.517108
487,0,1,0,0,7.9351659,8.7000093
488,1,0,0,1,9.1680059,11.097531
489,1,0,0,1,9.3883362,10.594442
490,1,0,0,1,9.074852,9.9435654
491,0,1,0,0,10.154069,9.4732018
492,1,0,0,1,9.7873802,10.765593
493,1,0,0,1,10.088092,11.565131
494,1,0,0,1,10.52896,10.465264
495,0,1,0,0,9.4302998,9.7521048
496,0,1,0,0,9.7660408,9.5830708
497,1,0,0,0,10.109335,11.09984
498,1,0,0,1,9.3411875,8.9775219
499,1,0,0,1,9.5716019,11.278712
500,0,0,1,0,8.7051001,9.9597836
501,0,0,1,0,8.0946922,8.04527
502,0,1,0,1,6.636488,8.2178068
503,1,0,0,1,9.3911819,10.677294
504,0,0,1,0,9.0460939,9.0144978
505,0,0,1,0,8.4882984,9.1401014
506,1,0,0,1,9.8936367,10.892242
507,0,0,1,0,9.4759274,9.2725534
508,0,0,1,0,8.8897953,7.6491957
509,0,1,0,0,8.1356087,6.3055816
510,0,0,1,0,8.2168446,7.8219037
511,0,1,0,0,10.304119,10.595779
512,1,0,0,0,10.453506,10.689609
513,1,0,0,1,8.2018528,9.5569239
514,0,0,1,0,9.6665354,9.2861624
515,1,0,0,1,11.19588,13.216415
516,1,0,0,1,9.7960224,11.387383
517,1,0,0,1,10.914571,11.215281
518,0,0,1,0,10.889696,10.301661
519,0,0,1,0,7.2219138,4.8946428
520,0,1,0,0,8.5737171,7.7061772
521,1,0,0,1,8.4361629,11.240993
522,0,0,1,0,9.3156548,11.011318
523,0,0,1,0,7.2473164,6.7212067
524,0,1,0,0,7.1197586,6.7403822
525,0,0,1,0,9.1690903,9.0503559
526,1,0,0,0,9.1852102,11.59976
527,0,1,0,0,9.1945477,10.078647
528,0,0,1,0,9.3349724,9.1802645
529,0,0,1,0,9.5248213,9.7436514
530,0,0,1,0,9.9987926,9.0822496
531,0,1,0,0,8.0427122,6.3428979
532,1,0,0,1,10.465291,11.33905
533,0,1,0,0,7.5157666,8.5635738
534,0,0,1,0,8.2267456,8.1594076
535,1,0,0,0,10.127163,11.360308
536,1,0,0,0,8.7464123,8.0359182
537,1,0,0,1,8.830471,9.9258499
538,1,0,0,0,8.6662989,9.4401655
539,0,1,0,0,8.447422,7.6715336
540,1,0,0,1,9.0569105,9.9695072
541,0,0,1,0,9.9837093,8.1403542
542,1,0,0,1,9.7213278,10.947109
543,0,1,0,1,8.5654135,9.8943424
544,0,1,0,1,8.3061247,9.3548403
545,0,0,1,0,9.7542334,9.9787912
546,0,1,0,0,7.3239112,7.0842609
547,0,0,1,0,10.52293,10.756129
548,1,0,0,0,12.674092,13.524879
549,0,1,0,0,8.9772701,9.2474432
550,0,1,0,0,8.855093,9.65026
551,1,0,0,0,9.2031336,9.4101353
552,0,1,0,0,8.8945446,8.0136681
553,0,0,1,0,8.9349089,6.9875202
554,1,0,0,1,8.028223,8.795002
555,0,1,0,0,10.580228,9.761199
556,1,0,0,1,11.344275,12.074805
557,0,1,0,0,10.291246,9.0728045
558,0,1,0,0,9.3761578,9.6910801
559,0,1,0,0,7.925817,5.9880939
560,0,1,0,0,7.6989031,8.1714687
561,1,0,0,1,10.090013,11.942924
562,0,0,1,0,10.652803,9.7923203
563,0,1,0,0,10.21469,12.984017
564,0,1,0,0,9.1724119,8.9463062
565,0,1,0,0,9.6272631,7.5679655
566,0,0,1,0,8.2376909,5.6101651
567,0,0,1,0,9.1286192,10.162876
568,0,0,1,0,10.5775,10.546186
569,0,1,0,0,10.168554,9.6445284
570,1,0,0,1,10.174987,11.639647
571,1,0,0,1,10.607353,13.251741
572,1,0,0,1,10.690421,13.256201
573,0,1,0,1,7.5964289,7.6596174
574,1,0,0,0,10.030163,7.9944334
575,0,0,1,1,8.9365921,11.609271
576,0,0,1,0,11.172672,12.506838
577,0,0,1,0,11.067401,9.7280674
578,0,1,0,0,6.8535662,5.9969993
579,1,0,0,0,9.2604876,8.0130939
580,0,0,1,0,6.5107098,7.8679738
581,0,0,1,0,9.3521442,8.5096464
582,0,1,0,0,8.874011,9.9410286
583,1,0,0,1,9.6588936,10.2907
584,0,1,0,0,8.7759628,9.7083626
585,0,0,1,0,10.805572,9.7169571
586,1,0,0,1,8.5562706,9.5852089
587,0,0,1,0,10.024907,10.004585
588,0,1,0,0,9.8878031,9.3700857
589,1,0,0,1,10.668077,10.395988
590,1,0,0,1,10.689509,10.254503
591,1,0,0,1,8.959651,8.8880634
592,0,1,0,1,8.6640654,9.1674318
593,0,0,1,0,7.6718721,7.965179
594,0,0,1,0,7.9566278,6.4508829
595,0,0,1,0,10.041784,9.7388544
596,0,1,0,0,9.1409159,8.2907963
597,0,0,1,1,9.4131575,10.960372
598,0,0,1,0,11.525228,9.8760977
599,0,0,1,0,8.8708839,7.0624681
600,0,1,0,0,8.4996758,9.1235075
601,1,0,0,1,9.9286413,9.9171209
602,0,0,1,0,7.3629913,8.2219477
603,0,0,1,1,8.8803587,10.031857
604,0,1,0,0,10.635158,12.057826
605,0,1,0,0,8.6462564,7.70123
606,0,0,1,0,9.6101513,9.1781158
607,1,0,0,1,9.1807432,11.276769
608,0,1,0,0,10.075966,8.229908
609,1,0,0,1,10.862098,11.080848
610,0,1,0,0,7.5902171,7.2556014
611,0,0,1,0,8.7081175,8.6273947
612,0,0,1,1,10.316604,10.268405
613,1,0,0,1,9.0207033,9.0334034
614,0,0,1,0,9.6843672,8.7317677
615,0,1,0,0,9.7739325,8.6342926
616,0,1,0,0,7.6894541,8.5420799
617,1,0,0,0,9.3564215,11.283559
618,0,0,1,0,9.0791912,8.6262255
619,0,1,0,0,8.221405,6.3937435
620,1,0,0,0,8.8809118,7.2582021
621,1,0,0,1,10.076415,10.90303
622,1,0,0,1,11.409329,12.593746
623,1,0,0,0,10.450426,9.4936066
624,1,0,0,1,10.627012,11.518295
625,0,1,0,0,6.5486145,6.1988473
626,0,1,0,0,8.3565445,7.0171704
627,0,1,0,1,8.2155476,10.696249
628,0,0,1,1,9.635849,9.9011316
629,1,0,0,1,8.7041979,9.5229836
630,0,0,1,0,10.23211,9.8174353
631,0,1,0,0,8.5572529,8.5225887
632,1,0,0,1,9.3778267,9.3203125
633,0,0,1,0,8.3906946,9.320159
634,1,0,0,1,8.305665,8.7461843
635,0,1,0,0,8.6993742,8.5251312
636,1,0,0,1,9.6288099,10.585511
637,0,0,1,0,8.4073534,6.4005356
638,0,0,1,0,7.9120603,7.644917
639,1,0,0,0,9.9043493,10.79522
640,0,0,1,0,9.534111,7.5200119
641,0,0,1,0,9.6528635,8.3332806
642,1,0,0,0,9.3054743,9.732687
643,0,1,0,0,8.5542679,7.2193947
644,0,1,0,0,8.744257,6.6106896
645,0,1,0,0,9.1727924,8.8806744
646,0,0,1,0,8.4219913,6.3758097
647,1,0,0,1,10.703006,10.867751
648,0,1,0,0,8.480854,9.8832188
649,0,0,1,0,7.600687,6.5263128
650,0,0,1,0,10.675341,11.04232
651,1,0,0,1,10.416333,13.321695
652,0,1,0,0,8.0424604,5.6035261
653,0,0,1,0,9.7320137,9.1893425
654,0,1,0,0,9.6174145,8.2766294
655,0,1,0,0,9.4986181,9.4575872
656,0,0,1,0,9.9989824,9.9645309
657,1,0,0,0,9.9514446,11.723946
658,0,0,1,0,8.3633194,8.1692266
659,0,1,0,0,8.5542946,8.5045748
660,1,0,0,0,9.5186691,8.8403025
661,0,1,0,1,10.978946,11.874812
662,1,0,0,0,10.164076,10.495977
663,0,1,0,0,9.0306578,8.8394299
664,0,0,1,1,9.0815592,10.465385
665,0,1,0,1,9.6951561,9.4607935
666,0,1,0,0,8.719408,7.1983624
667,0,0,1,0,7.9460979,6.3207393
668,1,0,0,1,11.090768,10.953531
669,0,1,0,0,11.639975,11.778111
670,0,0,1,0,7.3454771,7.1257052
671,0,1,0,0,8.018033,6.8780675
672,0,0,1,0,9.9434347,9.0515175
673,0,0,1,0,7.9760041,5.8384142
674,0,1,0,0,9.7522068,8.247407
675,0,1,0,0,9.1475401,9.4063444
676,0,1,0,1,9.6972637,9.3035202
677,0,0,1,0,10.657537,9.8986731
678,1,0,0,1,10.150515,9.4040051
679,0,0,1,0,8.7423687,8.5386572
680,0,1,0,1,9.2174206,10.388877
681,1,0,0,1,9.4520845,9.9159956
682,0,1,0,0,7.2505994,5.9704127
683,0,0,1,1,8.971755,10.761042
684,0,0,1,0,7.5089316,8.0977087
685,0,0,1,0,8.6621313,7.9450817
686,0,0,1,0,7.9901199,7.5129018
687,1,0,0,1,9.7883568,11.443722
688,0,0,1,0,8.7797308,7.8481717
689,1,0,0,1,8.9564924,10.364636
690,0,1,0,0,7.8011236,6.6738901
691,1,0,0,0,9.8865137,10.630522
692,0,1,0,0,9.4777317,9.052104
693,1,0,0,1,11.884631,13.278188
694,0,1,0,0,10.299594,9.8961916
695,0,0,1,0,8.9018698,7.503562
696,1,0,0,1,9.1888866,9.589448
697,1,0,0,1,12.221802,12.831189
698,1,0,0,1,10.561311,12.368048
699,0,1,0,0,9.4821072,8.1607084
700,0,1,0,0,9.5400124,9.1561041
701,0,1,0,0,9.8452053,9.9707155
702,0,0,1,0,8.8054495,8.8950281
703,0,0,1,0,8.2431307,9.2183371
704,1,0,0,1,10.064024,10.135524
705,0,1,0,0,9.2813501,8.7935495
706,0,0,1,0,9.0397844,9.2460632
707,0,0,1,1,8.7781534,9.9314232
708,1,0,0,1,9.7840824,13.369293
709,1,0,0,1,11.222741,12.040194
710,0,0,1,0,10.116196,9.8463182
711,0,0,1,0,9.0750513,8.6887302
712,1,0,0,1,11.11667,14.359397
713,1,0,0,0,9.440733,7.4345856
714,1,0,0,1,9.9988623,11.880041
715,0,1,0,1,9.3214903,10.598579
716,0,0,1,0,9.222353,9.1860743
717,1,0,0,1,11.021552,10.278078
718,0,0,1,0,7.7969165,8.7837658
719,0,1,0,0,11.623992,11.523833
720,0,0,1,0,9.6905003,7.9840713
721,0,1,0,1,8.5826025,10.102918
722,1,0,0,1,9.9649534,9.7463474
723,0,1,0,0,9.1099787,9.7195778
724,1,0,0,1,10.081163,10.936841
725,0,1,0,0,9.0269184,7.8883924
726,0,0,1,0,9.5682869,9.1031961
727,0,0,1,0,10.390403,9.9029055
728,0,0,1,0,8.039669,7.7458887
729,0,1,0,0,10.957259,11.64016
730,0,1,0,0,9.4741859,8.8166218
731,0,1,0,1,8.1729126,11.186434
732,1,0,0,0,10.264495,10.033955
733,0,0,1,0,10.374286,11.194929
734,1,0,0,1,10.15146,12.181657
735,0,1,0,0,9.6593361,10.279384
736,0,1,0,1,7.4449768,9.5336246
737,0,1,0,0,9.7304335,8.0846224
738,0,1,0,1,8.9936962,9.8570776
739,1,0,0,1,10.151878,10.051732
740,1,0,0,0,8.6361675,8.4532995
741,0,0,1,0,10.454797,9.3229523
742,0,1,0,0,10.810148,11.109451
743,0,0,1,0,9.9044323,9.8225307
744,1,0,0,0,10.404136,9.1415195
745,0,1,0,0,8.3176117,8.3731165
746,0,0,1,0,8.9482651,7.7563839
747,1,0,0,1,10.248322,12.62368
748,0,0,1,0,8.7453232,7.9368901
749,0,0,1,0,9.2345638,8.8405237
750,0,0,1,0,7.4171109,6.2570586
751,0,0,1,0,9.0515804,7.738318
752,0,0,1,1,8.846468,9.7691441
753,0,0,1,0,8.2237101,9.2101984
754,0,1,0,0,8.3636789,7.8442616
755,1,0,0,1,9.4294319,9.7026196
756,0,0,1,0,8.7583551,7.9649305
757,0,1,0,0,9.2030849,9.392849
758,0,0,1,1,9.9915638,12.457281
759,0,0,1,0,8.048274,7.538271
760,0,0,1,0,10.057385,8.5048542
761,0,1,0,0,7.9558849,8.172967
762,1,0,0,1,9.7792892,10.38328
763,0,0,1,0,8.0577593,5.9486022
764,0,0,1,0,8.8397055,8.2422152
765,0,0,1,0,10.0425,9.6432724
766,0,1,0,0,9.0160847,8.8156013
767,0,0,1,0,8.7680016,9.0522556
768,0,0,1,0,6.7494545,6.6183105
769,0,1,0,0,7.4657383,6.1643224
770,1,0,0,1,10.311068,10.934246
771,1,0,0,1,9.5325708,10.637314
772,0,0,1,0,10.787325,9.632019
773,0,0,1,0,9.8837194,10.214159
774,0,1,0,0,9.4412107,8.1877756
775,0,1,0,0,9.4129677,9.7923584
776,1,0,0,1,10.515148,10.097967
777,0,1,0,0,9.2108145,8.1644363
778,0,1,0,0,8.1873159,8.109498
779,1,0,0,1,8.4528828,9.0141735
780,1,0,0,1,9.1065493,12.189715
781,0,0,1,0,9.4663792,8.4626713
782,1,0,0,1,9.6603231,10.659774
783,0,0,1,0,8.5712252,7.3891397
784,0,0,1,0,9.0947533,8.6514416
785,1,0,0,1,9.948617,11.139162
786,0,1,0,0,8.9094191,10.095082
787,1,0,0,0,9.7552137,12.210204
788,0,0,1,0,8.0467319,7.0219741
789,1,0,0,1,10.90895,14.882387
790,0,0,1,0,8.7730398,8.9899826
791,0,0,1,1,10.842776,12.201077
792,0,1,0,1,8.8994884,8.6677589
793,0,1,0,0,7.463872,5.6246481
794,0,0,1,0,8.3236094,6.8154287
795,0,1,0,0,9.9560728,10.335286
796,1,0,0,1,9.7416849,9.5515079
797,1,0,0,1,9.9482803,9.2149935
798,1,0,0,0,8.0746946,7.5620155
799,0,1,0,0,8.8043299,9.5112467
800,0,1,0,0,8.4654083,7.0766196
801,1,0,0,1,9.6792526,11.375646
802,0,1,0,0,10.283708,8.9907246
803,0,1,0,0,7.2006273,8.3399677
804,0,1,0,0,10.750878,12.369296
805,0,1,0,0,8.865531,8.9278393
806,0,1,0,0,9.1796227,8.6420364
807,0,1,0,0,9.468646,7.8707557
808,0,1,0,1,9.1642504,8.1732454
809,0,1,0,0,8.9509907,8.6709929
810,0,1,0,0,9.2265081,9.4290037
811,0,1,0,0,9.6388435,10.971494
812,0,0,1,0,8.8524656,7.8068323
813,0,0,1,1,10.697618,11.323099
814,0,0,1,0,9.0993204,9.4306364
815,0,1,0,1,6.6692882,7.8093057
816,0,0,1,0,8.3436937,7.4021978
817,0,1,0,1,11.049719,13.113321
818,0,1,0,0,7.5380778,6.4050307
819,0,1,0,0,9.2111969,6.884645
820,1,0,0,1,10.337494,11.304985
821,1,0,0,1,11.789119,13.349868
822,0,1,0,0,8.307313,6.5229836
823,1,0,0,1,9.7514105,8.3145618
824,1,0,0,1,9.1485128,9.2799549
825,0,0,1,1,8.7777195,9.4515963
826,0,0,1,0,9.7065144,8.8561373
827,0,1,0,0,9.1593657,8.4058561
828,1,0,0,0,10.660206,11.35453
829,1,0,0,1,9.6387835,11.076095
830,0,0,1,0,10.298718,9.6081638
831,0,1,0,1,9.6359186,9.3450108
832,1,0,0,1,10.576887,12.067297
833,1,0,0,1,9.1700544,9.8505163
834,0,0,1,0,8.6587286,7.5430784
835,0,0,1,0,10.620118,9.6485205
836,1,0,0,1,11.305633,11.593539
837,1,0,0,1,9.2674026,11.772381
838,1,0,0,0,9.8911428,8.475338
839,0,1,0,0,9.5975609,9.4230213
840,0,1,0,0,8.2275085,5.1792917
841,0,1,0,0,8.8688917,5.8325114
842,0,1,0,0,8.9234123,9.8106632
843,0,0,1,0,9.4623327,9.8256769
844,1,0,0,1,10.703413,10.308989
845,0,0,1,0,8.3530655,6.8343859
846,0,0,1,1,11.006067,12.155239
847,0,1,0,0,9.1386566,9.4642601
848,0,0,1,0,8.8734598,9.588871
849,1,0,0,1,10.456002,9.0638714
850,1,0,0,1,8.6843681,12.258634
851,0,1,0,0,9.3855209,9.3584528
852,1,0,0,0,9.0912685,10.617865
853,0,0,1,0,10.074136,10.054131
854,0,1,0,0,7.8063135,7.9171782
855,0,1,0,0,9.6670523,6.7762556
856,1,0,0,1,10.786253,11.686099
857,1,0,0,1,10.688144,13.58462
858,0,1,0,1,8.4980688,8.624095
859,0,1,0,0,10.247692,10.045539
860,0,1,0,1,10.062121,12.779588
861,1,0,0,1,8.0474377,8.9352541
862,1,0,0,1,9.880765,11.398247
863,0,1,0,1,9.1574116,10.941358
864,0,1,0,0,9.5342169,9.194665
865,0,0,1,0,7.8872266,8.156023
866,0,0,1,0,8.1294346,7.6456957
867,0,1,0,0,9.1748486,8.0530548
868,1,0,0,1,10.463577,10.274005
869,0,0,1,0,9.5029755,9.3872213
870,0,1,0,0,8.3461018,8.7245178
871,0,1,0,1,9.5974379,11.676212
872,0,0,1,0,8.5032358,6.3679743
873,0,0,1,0,9.0562086,8.9652967
874,0,1,0,0,8.5223656,8.2131882
875,1,0,0,1,10.036587,10.308226
876,0,1,0,0,8.1781616,7.6519775
877,0,0,1,0,8.3003378,8.6030397
878,0,1,0,0,8.3810568,9.7129412
879,0,0,1,0,10.158978,9.8204832
880,0,0,1,0,9.1157389,8.7238646
881,0,1,0,0,9.9608345,8.1687813
882,1,0,0,1,12.024874,14.269403
883,0,0,1,0,9.39359,8.0033255
884,0,0,1,0,8.7512541,8.1378937
885,0,1,0,0,10.006715,9.9282656
886,0,1,0,0,9.2939787,8.2578373
887,0,0,1,1,9.2419119,9.6003942
888,0,0,1,0,8.2874393,8.0800142
889,0,0,1,0,8.7296009,7.5851541
890,0,0,1,0,7.2711306,6.8555217
891,1,0,0,1,10.629404,10.805881
892,1,0,0,1,8.4483337,8.9738169
893,0,0,1,0,9.9618778,7.9664097
894,0,1,0,0,9.6088314,8.3591175
895,0,1,0,0,9.3168917,7.8470945
896,0,0,1,1,10.061337,10.918608
897,0,0,1,1,9.6249657,10.35288
898,0,1,0,0,9.4315252,10.053484
899,0,1,0,0,9.0834885,8.4052753
900,0,0,1,0,8.7068224,8.1407404
901,0,0,1,0,10.77897,10.526901
902,0,1,0,0,8.450448,9.1536255
903,0,0,1,0,9.5844555,10.613344
904,0,1,0,0,8.6653223,7.6991463
905,0,1,0,0,9.1747684,8.7245893
906,0,1,0,0,9.4307785,7.7098856
907,0,1,0,0,7.6594167,8.285677
908,1,0,0,0,10.582702,10.192863
909,0,0,1,0,7.0452313,6.275311
910,0,1,0,0,9.7735367,8.9116592
911,0,1,0,0,9.779129,8.8145151
912,1,0,0,1,9.8336945,11.715824
913,1,0,0,1,9.5259371,9.7835264
914,0,0,1,0,9.6590986,8.7642937
915,0,1,0,0,8.1375074,8.0701008
916,0,1,0,0,10.328321,9.0429049
917,1,0,0,1,10.283458,12.713585
918,1,0,0,1,9.9983168,10.090192
919,0,0,1,1,9.9866495,10.224993
920,0,1,0,0,11.375319,10.919463
921,0,0,1,0,9.8712234,9.8442631
922,0,1,0,0,8.4511185,9.286808
923,0,1,0,0,9.3041897,7.4394264
924,0,1,0,0,8.6730442,7.6595531
925,0,1,0,0,9.5766335,10.622208
926,0,0,1,0,10.575823,9.8919392
927,1,0,0,1,10.454854,12.570488
928,0,0,1,0,9.8150854,9.9113598
929,0,0,1,0,9.9576664,10.281085
930,0,0,1,0,10.30711,11.491846
931,1,0,0,1,11.542947,11.210318
932,0,1,0,0,7.9530754,9.0551281
933,0,0,1,0,9.1795454,7.8364334
934,0,1,0,0,8.8372431,9.0057364
935,0,0,1,0,10.475877,10.841911
936,0,1,0,0,7.0896716,6.5302544
937,0,1,0,0,9.3861828,9.7668028
938,1,0,0,1,9.4222689,11.890085
939,0,0,1,0,8.2067575,7.8651071
940,0,1,0,0,8.4762802,8.9063978
941,0,0,1,0,10.290533,10.826344
942,0,0,1,0,9.2973938,8.8472929
943,0,0,1,0,7.8802137,7.8890867
944,1,0,0,1,9.5278645,10.719325
945,1,0,0,1,10.873867,12.670766
946,0,1,0,0,9.2488937,9.0557518
947,1,0,0,1,10.929996,11.179392
948,1,0,0,1,9.4111919,9.778224
949,1,0,0,1,10.656418,12.055885
950,0,0,1,0,8.6955109,8.4601917
951,1,0,0,1,8.4575129,8.7772474
952,0,0,1,0,8.817132,10.366124
953,0,1,0,1,8.8337698,10.084175
954,1,0,0,1,11.791159,12.679185
955,0,0,1,0,9.1322765,8.51894
956,0,0,1,0,8.4439898,7.179666
957,0,1,0,1,7.7435632,9.9292707
958,1,0,0,1,10.084875,10.135328
959,0,1,0,1,9.1343203,8.3284388
960,0,1,0,1,10.172137,11.680058
961,1,0,0,0,10.439551,10.866857
962,0,0,1,0,9.2255468,8.0408773
963,1,0,0,1,9.425499,10.000466
964,0,0,1,0,8.8730831,9.2268782
965,0,1,0,0,9.6079998,8.5968761
966,0,1,0,1,7.6703496,7.6126513
967,1,0,0,1,9.242239,9.3287859
968,0,0,1,0,8.0275221,7.7262483
969,1,0,0,1,10.56346,12.400789
970,0,1,0,0,7.8327146,7.0426779
971,0,1,0,1,11.002323,12.172961
972,1,0,0,1,9.5765429,10.307125
973,1,0,0,1,10.315482,13.584955
974,1,0,0,1,10.335753,9.2865419
975,0,0,1,0,8.6816378,10.043072
976,0,0,1,0,8.4327517,8.0238094
977,0,1,0,0,8.7080078,7.3865619
978,1,0,0,0,11.8522,12.082278
979,0,1,0,0,9.8040752,8.3620396
980,1,0,0,0,9.2834797,8.1825829
981,0,1,0,0,8.9451056,8.3633871
982,0,0,1,0,7.8605261,7.8152132
983,1,0,0,1,10.498394,10.851298
984,0,0,1,0,12.107825,11.858102
985,1,0,0,1,10.599519,10.837272
986,0,0,1,0,10.083945,9.0265446
987,0,0,1,0,9.9000635,11.214788
988,0,1,0,1,9.3287477,11.370496
989,0,1,0,0,9.3916597,8.8116894
990,0,0,1,0,10.304668,9.9901876
991,1,0,0,1,10.349039,12.921015
992,0,0,1,0,8.0032654,7.8791981
993,0,0,1,0,9.3289204,7.1622829
994,0,1,0,0,7.8326206,7.5582433
995,0,0,1,0,9.8212166,8.6205759
996,0,0,1,0,8.7631636,8.3293066
997,0,1,0,0,7.7410049,6.748589
998,1,0,0,0,7.6060457,6.3979254
999,1,0,0,0,11.755025,13.464556
1000,0,0,1,0,6.5902858,6.3587141
